Timestamp,Which course are you currently enrolled in?,How did you hear about County College of Morris? [CCM Web site],How did you hear about County College of Morris? [Social Media],How did you hear about County College of Morris? [Community Event],How did you hear about County College of Morris? [Family member or friend],How did you hear about County College of Morris? [Current CCM student],How did you hear about County College of Morris? [CCM Alumni],How did you hear about County College of Morris? [High School Teacher],How did you hear about County College of Morris? [High School Counselor],How did you hear about County College of Morris? [In-app advertisement],How did you hear about County College of Morris? [Employer],How did you hear about County College of Morris? [Billboard],How did you hear about County College of Morris? [Television],How did you hear about County College of Morris? [Radio],How did you hear about County College of Morris? [Home mailer],How did you hear about County College of Morris? [Other],To what extent did the following impact your decision to attend County College of Morris? [Affordable cost],To what extent did the following impact your decision to attend County College of Morris? [Location/convenience],To what extent did the following impact your decision to attend County College of Morris? [Choice of programs],To what extent did the following impact your decision to attend County College of Morris? [Online offerings],To what extent did the following impact your decision to attend County College of Morris? [Family/friend referral],To what extent did the following impact your decision to attend County College of Morris? [Faculty/staff],To what extent did the following impact your decision to attend County College of Morris? [College reputation],To what extent did the following impact your decision to attend County College of Morris? [Financial Aid],To what extent did the following impact your decision to attend County College of Morris? [Scholarships],To what extent did the following impact your decision to attend County College of Morris? [Small class sizes],To what extent did the following impact your decision to attend County College of Morris? [Extra-curricular opportunities],To what extent did the following impact your decision to attend County College of Morris? [Accepted my transfer credits],To what extent did the following impact your decision to attend County College of Morris? [Negative experience at another college],To what extent did the following impact your decision to attend County College of Morris? [NJ Stars Program],To what extent did the following impact your decision to attend County College of Morris? [Ability to transfer CCM credits to a 4-year school],To what extent did the following impact your decision to attend County College of Morris? [Get college credit while in high school],"Prior to applying to college, did you participate in any of the following events or activities at the County College of Morris and/or with the Department of Information Technologies, if at all? [Open House]","Prior to applying to college, did you participate in any of the following events or activities at the County College of Morris and/or with the Department of Information Technologies, if at all? [Instant Decision Day]","Prior to applying to college, did you participate in any of the following events or activities at the County College of Morris and/or with the Department of Information Technologies, if at all? [On-Campus Information Session]","Prior to applying to college, did you participate in any of the following events or activities at the County College of Morris and/or with the Department of Information Technologies, if at all? [Titans Tuesday (Virtual) Information Session]","Prior to applying to college, did you participate in any of the following events or activities at the County College of Morris and/or with the Department of Information Technologies, if at all? [Women Who Dare]","Prior to applying to college, did you participate in any of the following events or activities at the County College of Morris and/or with the Department of Information Technologies, if at all? [Regional College Fair]","Prior to applying to college, did you participate in any of the following events or activities at the County College of Morris and/or with the Department of Information Technologies, if at all? [HS Sharetime Information Session]","Prior to applying to college, did you participate in any of the following events or activities at the County College of Morris and/or with the Department of Information Technologies, if at all? [Challenger Program]","Prior to applying to college, did you participate in any of the following events or activities at the County College of Morris and/or with the Department of Information Technologies, if at all? [CyberSecurity Information Protection Program Participation ]","Prior to applying to college, did you participate in any of the following events or activities at the County College of Morris and/or with the Department of Information Technologies, if at all? [Information Session at my high school]","Prior to applying to college, did you participate in any of the following events or activities at the County College of Morris and/or with the Department of Information Technologies, if at all? [Campus Visit with my high school]","Prior to applying to college, did you participate in any of the following events or activities at the County College of Morris and/or with the Department of Information Technologies, if at all? [Campus Visit (individual)]","Prior to applying to college, did you participate in any of the following events or activities at the County College of Morris and/or with the Department of Information Technologies, if at all? [Workforce Development class]","Prior to applying to college, did you participate in any of the following events or activities at the County College of Morris and/or with the Department of Information Technologies, if at all? [Corporate Training]","Prior to applying to college, did you participate in any of the following events or activities at the County College of Morris and/or with the Department of Information Technologies, if at all? [Teen Arts Festival]","Prior to applying to college, did you participate in any of the following events or activities at the County College of Morris and/or with the Department of Information Technologies, if at all? [Summer camp at CCM]","Prior to applying to college, did you participate in any of the following events or activities at the County College of Morris and/or with the Department of Information Technologies, if at all? [Hour of Code]",What motivated you to seek a computing class at CCM? [To keep current in computing skills],What motivated you to seek a computing class at CCM? [Curiosity],What motivated you to seek a computing class at CCM? [Personal Enrichment],What motivated you to seek a computing class at CCM? [Career Advancement],What motivated you to seek a computing class at CCM? [Career Change],What motivated you to seek a computing class at CCM? [Professional Development],What motivated you to seek a computing class at CCM? [Job Displacement],What motivated you to seek a computing class at CCM? [Financial],What motivated you to seek a computing class at CCM? [Relocation],What motivated you to seek a computing class at CCM? [IT Industry Certifications],What motivated you to seek a computing class at CCM? [It’s a required class for the degree I’m seeking],To what extent did the following activities or experience impact your decision to enroll in an computing course at CCM? [Middle/High school computing class],To what extent did the following activities or experience impact your decision to enroll in an computing course at CCM? [Middle/High school computing related club],"To what extent did the following activities or experience impact your decision to enroll in an computing course at CCM? [Computing-related competitions (e.g., Robotics competition, Lego competition, Cybersecurity, Programming)]",To what extent did the following activities or experience impact your decision to enroll in an computing course at CCM? [Afterschool computing-related camp/program],To what extent did the following activities or experience impact your decision to enroll in an computing course at CCM? [Summer computing related camp/program],To what extent did the following activities or experience impact your decision to enroll in an computing course at CCM? [An AP computing class],To what extent did the following activities or experience impact your decision to enroll in an computing course at CCM? [A dual enrollment computing class],To what extent did the following activities or experience impact your decision to enroll in an computing course at CCM? [Family or friend influence],To what extent did the following activities or experience impact your decision to enroll in an computing course at CCM? [Family or friend working in the computing field],To what extent did the following activities or experience impact your decision to enroll in an computing course at CCM? [High school teacher or guidance counselor],To what extent did the following activities or experience impact your decision to enroll in an computing course at CCM? [Employer influence],To what extent did the following activities or experience impact your decision to enroll in an computing course at CCM? [CCM faculty member],To what extent did the following activities or experience impact your decision to enroll in an computing course at CCM? [CCM advisor/counselor],What degree program are you currently enrolled in?,Did you receive information about CCM computing classes from any of the following sources? [High school guidance counselor],Did you receive information about CCM computing classes from any of the following sources? [High School Teacher],Did you receive information about CCM computing classes from any of the following sources? [CCM Information Technologies Website],Did you receive information about CCM computing classes from any of the following sources? [CCM Admissions],Did you receive information about CCM computing classes from any of the following sources? [CCM advisor/counselor],Did you receive information about CCM computing classes from any of the following sources? [Employer],Did you receive information about CCM computing classes from any of the following sources? [CCM Workforce Development],Did you receive information about CCM computing classes from any of the following sources? [NJ Workforce Development Program],Did you receive information about CCM computing classes from any of the following sources? [Other],"On a scale of 1 to 5, with 1 being not at all interested and 5 being extremely interested, how interested are you taking more courses in Computer Science, Information Technology or Game Development?","If you answered that you were interested in taking more computing classes, which ones interest you most? [Web Development]","If you answered that you were interested in taking more computing classes, which ones interest you most? [CyberSecurity]","If you answered that you were interested in taking more computing classes, which ones interest you most? [App Development]","If you answered that you were interested in taking more computing classes, which ones interest you most? [Data Analytics]","If you answered that you were interested in taking more computing classes, which ones interest you most? [Machine Learning/Artificial Intelligence]","If you answered that you were interested in taking more computing classes, which ones interest you most? [Computer Programming]","If you answered that you were interested in taking more computing classes, which ones interest you most? [Game Design]","If you answered that you were interested in taking more computing classes, which ones interest you most? [Hardware Installation & Repair]",Gender,Race/ethnicity,Age 
2023/09/05 9:36:31 PM EST,CMP 101 Computer Information Literacy,Yes,No,No,No,No,No,No,No,No,No,No,No,No,No,No,High Impact,Some Impact,No Impact,Some Impact,No Impact,No Impact,No Impact,High Impact,High Impact,High Impact,No Impact,High Impact,High Impact,No Impact,No Impact,No Impact,No,No,No,Yes,No,No,No,No,No,No,No,Yes,No,No,No,No,No,No,No,No,No,No,No,No,No,No,No,Yes,No Impact,No Impact,No Impact,No Impact,No Impact,No Impact,No Impact,No Impact,No Impact,No Impact,No Impact,No Impact,No Impact,Nursing,No,No,Yes,Yes,Yes,No,No,No,No,1,No,No,No,No,No,No,No,No,Woman,Hispanic or Latino,18 and younger
2023/09/05 9:42:31 PM EST,CMP 101 Computer Information Literacy,No,No,No,No,No,No,No,Yes,No,No,No,No,No,No,No,High Impact,High Impact,High Impact,N/A,High Impact,N/A,N/A,High Impact,High Impact,High Impact,N/A,High Impact,N/A,N/A,High Impact,N/A,Yes,Yes,No,No,No,No,No,No,No,No,No,No,No,No,No,No,No,No,Yes,Yes,Yes,No,Yes,No,Yes,No,No,No,No Impact,No Impact,No Impact,No Impact,No Impact,No Impact,No Impact,No Impact,No Impact,No Impact,No Impact,No Impact,Some Impact,Nursing,No,No,No,No,Yes,No,No,No,No,1,No,No,No,No,No,No,No,No,Woman,Hispanic or Latino,18 and younger
2023/09/05 10:00:08 PM EST,CMP 101 Computer Information Literacy,No,No,No,Yes,Yes,Yes,Yes,Yes,No,No,No,No,No,Yes,Yes,High Impact,High Impact,Some Impact,Some Impact,High Impact,No Impact,Some Impact,High Impact,High Impact,High Impact,No Impact,No Impact,No Impact,High Impact,High Impact,No Impact,No,No,No,No,No,No,No,No,No,No,No,Yes,No,No,No,No,No,Yes,Yes,Yes,No,No,No,No,No,No,No,Yes,No Impact,No Impact,No Impact,No Impact,No Impact,No Impact,No Impact,No Impact,No Impact,No Impact,No Impact,No Impact,No Impact,Early Childhood Education,No,No,No,No,No,No,No,No,No,3,No,No,No,No,No,No,No,No,Woman,White/Caucasian,19-20
2023/09/05 11:12:17 PM EST,CMP 126 Computer Technology and Applications,Yes,Yes,No,Yes,Yes,Yes,Yes,Yes,No,No,No,No,No,Yes,Yes,High Impact,High Impact,No Impact,No Impact,No Impact,No Impact,No Impact,High Impact,Some Impact,No Impact,No Impact,High Impact,No Impact,Some Impact,High Impact,High Impact,No,No,No,No,No,No,No,No,No,Yes,No,No,No,No,No,No,No,No,No,No,No,No,No,No,No,No,No,Yes,No Impact,No Impact,No Impact,No Impact,No Impact,No Impact,No Impact,No Impact,No Impact,No Impact,No Impact,No Impact,Some Impact,Liberal Arts,No,No,No,No,Yes,No,No,No,No,1,No,No,No,No,No,No,No,No,Man,Hispanic or Latino,18 and younger
2023/09/05 11:56:29 PM EST,CMP 126 Computer Technology and Applications,No,No,No,Yes,No,No,No,No,No,No,No,No,No,No,No,Some Impact,Some Impact,Some Impact,No Impact,High Impact,No Impact,High Impact,Some Impact,No Impact,No Impact,No Impact,No Impact,No Impact,No Impact,High Impact,No Impact,No,No,No,No,No,No,No,No,No,No,No,No,No,No,Yes,No,No,Yes,No,Yes,Yes,No,Yes,No,No,No,No,Yes,Some Impact,No Impact,No Impact,No Impact,No Impact,No Impact,No Impact,No Impact,No Impact,No Impact,No Impact,No Impact,No Impact,Criminal Justice,No,No,No,No,No,No,No,No,No,3,Yes,Yes,Yes,No,Yes,Yes,Yes,Yes,Woman,White/Caucasian,19-20
2023/09/06 5:33:40 AM EST,CMP 101 Computer Information Literacy,Yes,No,Yes,Yes,No,No,Yes,Yes,No,No,No,No,No,No,No,Some Impact,Some Impact,High Impact,Some Impact,No Impact,Some Impact,Some Impact,High Impact,High Impact,High Impact,Some Impact,No Impact,No Impact,No Impact,No Impact,No Impact,Yes,No,Yes,Yes,No,No,Not Sure,No,Not Sure,Yes,No,Yes,Not Sure,Not Sure,Not Sure,Not Sure,Not Sure,Yes,Yes,No,No,No,No,No,No,No,No,Yes,No Impact,No Impact,No Impact,No Impact,No Impact,No Impact,No Impact,Some Impact,Some Impact,No Impact,No Impact,Some Impact,Some Impact,Nursing,No,No,Yes,Yes,Yes,Don't recall,Yes,Don't recall,No,3,Yes,No,No,Yes,No,No,No,No,Woman,White/Caucasian,18 and younger
2023/09/06 5:46:50 AM EST,CMP 101 Computer Information Literacy,Yes,Yes,No,Yes,Yes,No,No,No,No,No,Yes,No,No,No,No,No Impact,Some Impact,High Impact,High Impact,No Impact,No Impact,Some Impact,No Impact,No Impact,No Impact,No Impact,High Impact,No Impact,No Impact,High Impact,No Impact,No,No,No,No,No,No,No,No,No,No,No,No,No,No,No,No,No,No,No,No,No,No,No,No,No,No,No,Yes,No Impact,No Impact,No Impact,No Impact,No Impact,No Impact,No Impact,No Impact,No Impact,No Impact,No Impact,No Impact,No Impact,Early Childhood Education,No,No,No,No,No,No,No,No,No,1,No,No,No,No,No,No,No,No,Woman,White/Caucasian,35-64
2023/09/06 7:50:38 AM EST,CMP 101 Computer Information Literacy,Yes,Yes,No,Yes,Yes,No,Don't recall,Yes,No,No,No,No,No,No,No,Some Impact,High Impact,High Impact,N/A,Some Impact,No Impact,No Impact,High Impact,No Impact,No Impact,No Impact,Some Impact,No Impact,No Impact,Some Impact,No Impact,No,No,No,No,No,No,No,No,No,Yes,No,Yes,Not Sure,Not Sure,No,No,Not Sure,Yes,Yes,No,No,No,Yes,No,No,No,No,Yes,Some Impact,Some Impact,No Impact,No Impact,No Impact,No Impact,No Impact,Some Impact,No Impact,No Impact,No Impact,High Impact,High Impact,Nursing,Yes,Yes,No,Yes,No,Don't recall,No,No,No,3,Yes,No,Yes,No,No,No,No,No,Woman,White/Caucasian,19-20
2023/09/06 8:58:38 AM EST,CMP 126 Computer Technology and Applications,No,No,No,No,Yes,No,No,No,No,No,No,No,No,No,No,High Impact,High Impact,High Impact,Some Impact,Some Impact,No Impact,Some Impact,High Impact,No Impact,No Impact,No Impact,No Impact,No Impact,No Impact,High Impact,High Impact,No,No,No,No,No,No,No,No,No,No,No,No,No,No,No,No,No,Yes,Yes,Yes,Yes,No,Yes,No,No,No,No,Yes,No Impact,No Impact,No Impact,No Impact,No Impact,No Impact,No Impact,No Impact,No Impact,Some Impact,No Impact,High Impact,High Impact,"psychology , liberal arts",No,No,No,No,Yes,No,No,No,No,3,Yes,Yes,Yes,Yes,Yes,Yes,Yes,Yes,Woman,Hispanic or Latino,19-20
2023/09/06 11:02:09 AM EST,CMP 126 Computer Technology and Applications,No,No,No,Yes,Yes,Yes,No,No,No,No,No,No,No,No,No,High Impact,High Impact,Some Impact,Some Impact,High Impact,No Impact,No Impact,High Impact,High Impact,No Impact,No Impact,No Impact,No Impact,Some Impact,High Impact,No Impact,No,No,No,No,No,No,No,No,No,No,No,No,No,No,No,No,No,Yes,Yes,Yes,Yes,No,Yes,No,No,No,No,No,No Impact,No Impact,No Impact,No Impact,No Impact,No Impact,No Impact,Some Impact,Some Impact,No Impact,No Impact,No Impact,No Impact,Liberal Arts,No,No,No,No,No,No,No,No,No,3,No,Yes,No,Yes,No,No,No,Yes,Man,White/Caucasian,25-34
2023/09/06 5:18:30 PM EST,CMP 126 Computer Technology and Applications,No,No,No,Yes,No,No,No,No,No,No,No,No,No,No,No,Some Impact,High Impact,High Impact,High Impact,Some Impact,No Impact,No Impact,No Impact,No Impact,No Impact,No Impact,Some Impact,No Impact,No Impact,High Impact,No Impact,No,No,No,No,No,No,No,No,No,No,No,No,No,No,No,No,No,Yes,Yes,Yes,Yes,No,Yes,Yes,No,No,No,Yes,No Impact,No Impact,No Impact,No Impact,No Impact,No Impact,No Impact,No Impact,No Impact,No Impact,No Impact,No Impact,Some Impact,Child and Family Studies,No,No,No,No,Yes,No,No,No,No,1,No,No,No,No,No,No,No,No,Woman,White/Caucasian,35-64
2023/09/07 8:59:51 AM EST,CMP 135 Computer Concepts with Applications,Yes,No,Yes,Yes,Don't recall,Don't recall,Don't recall,No,Yes,Yes,Yes,Yes,Yes,No,No,High Impact,High Impact,High Impact,High Impact,High Impact,High Impact,High Impact,High Impact,High Impact,High Impact,High Impact,Some Impact,High Impact,Some Impact,High Impact,Some Impact,Not Sure,Not Sure,Not Sure,Not Sure,No,Not Sure,Not Sure,No,Yes,Yes,No,No,Not Sure,No,No,No,Yes,No,Yes,No,Yes,Yes,Yes,No,No,No,Yes,No,Some Impact,High Impact,Some Impact,Some Impact,N/A,High Impact,High Impact,Some Impact,High Impact,Some Impact,High Impact,Some Impact,High Impact,Criminal Justice,Yes,No,Yes,No,No,No,No,No,No,3,Yes,Yes,No,No,No,Yes,Yes,Yes,Man,Asian,19-20
2023/09/07 9:00:25 AM EST,CMP 135 Computer Concepts with Applications,Yes,Yes,No,No,Yes,No,No,No,No,No,No,No,No,No,No,High Impact,High Impact,High Impact,High Impact,No Impact,No Impact,High Impact,High Impact,High Impact,No Impact,No Impact,No Impact,No Impact,No Impact,No Impact,No Impact,No,No,No,No,No,No,No,No,No,No,No,No,No,No,No,No,No,No,No,No,No,No,No,No,No,No,No,Yes,Some Impact,No Impact,No Impact,No Impact,No Impact,No Impact,No Impact,No Impact,No Impact,No Impact,No Impact,No Impact,No Impact,Criminal Justice,No,No,No,No,No,No,No,No,No,2,No,No,No,No,No,No,No,No,Woman,Hispanic or Latino,25-34
2023/09/07 9:11:37 AM EST,CMP 135 Computer Concepts with Applications,Yes,No,No,Yes,No,Yes,No,No,No,No,No,No,No,Yes,No,High Impact,Some Impact,Some Impact,Some Impact,Some Impact,Some Impact,High Impact,High Impact,High Impact,Some Impact,Some Impact,No Impact,No Impact,No Impact,High Impact,No Impact,No,No,No,No,No,No,No,No,No,No,No,No,No,No,No,No,No,No,Yes,No,Yes,No,No,No,No,No,No,Yes,No Impact,No Impact,Some Impact,No Impact,No Impact,No Impact,No Impact,No Impact,No Impact,No Impact,No Impact,No Impact,No Impact,Criminal Justice,No,No,No,No,No,No,No,No,No,3,No,Yes,No,No,No,No,No,No,Man,Hispanic or Latino,19-20
2023/09/07 9:14:19 AM EST,CMP 135 Computer Concepts with Applications,Yes,No,No,Yes,No,No,No,No,No,No,No,No,No,No,No,High Impact,High Impact,High Impact,Some Impact,Some Impact,Some Impact,Some Impact,High Impact,High Impact,High Impact,Some Impact,Some Impact,Some Impact,Some Impact,Some Impact,Some Impact,No,No,No,No,No,No,No,No,No,No,No,No,No,No,No,No,No,No,Yes,No,No,No,No,No,No,No,No,Yes,No Impact,No Impact,No Impact,No Impact,No Impact,No Impact,No Impact,No Impact,No Impact,No Impact,No Impact,No Impact,No Impact,Criminal Justice,No,No,No,No,No,No,No,No,No,3,No,Yes,No,No,No,No,No,No,Man,Hispanic or Latino,19-20
2023/09/07 9:23:39 AM EST,CMP 135 Computer Concepts with Applications,Yes,Yes,No,Yes,Yes,Yes,Yes,Yes,No,No,Yes,No,No,No,No,High Impact,High Impact,High Impact,No Impact,No Impact,No Impact,No Impact,No Impact,No Impact,No Impact,No Impact,No Impact,No Impact,No Impact,No Impact,No Impact,Yes,No,No,No,No,No,No,No,No,No,No,No,No,No,No,No,No,No,No,No,No,No,No,No,No,No,No,Yes,No Impact,No Impact,No Impact,No Impact,No Impact,No Impact,No Impact,No Impact,No Impact,No Impact,No Impact,No Impact,No Impact,Exercise Science,No,No,No,No,No,No,No,No,No,3,No,No,No,No,No,No,No,No,Man,White/Caucasian,19-20
2023/09/07 9:24:38 AM EST,CMP 135 Computer Concepts with Applications,No,No,No,Yes,Yes,No,No,Yes,No,No,No,Yes,No,Yes,No,Some Impact,Some Impact,Some Impact,No Impact,Some Impact,Some Impact,High Impact,No Impact,No Impact,Some Impact,No Impact,High Impact,High Impact,No Impact,High Impact,No Impact,No,No,No,No,No,No,No,No,No,No,Yes,No,No,No,No,No,No,Yes,Yes,No,No,No,No,No,No,No,No,Yes,Some Impact,No Impact,No Impact,No Impact,No Impact,No Impact,No Impact,No Impact,No Impact,No Impact,No Impact,No Impact,No Impact,Radiography,No,No,No,No,No,No,No,No,No,2,No,No,No,No,No,No,No,No,Woman,White/Caucasian,19-20
2023/09/07 9:24:39 AM EST,CMP 135 Computer Concepts with Applications,Yes,Yes,Yes,Yes,Yes,Yes,Yes,Yes,Yes,No,No,No,No,No,No,Some Impact,Some Impact,Some Impact,Some Impact,Some Impact,Some Impact,Some Impact,Some Impact,Some Impact,Some Impact,Some Impact,Some Impact,Some Impact,Some Impact,Some Impact,Some Impact,No,No,No,No,No,No,No,No,No,No,No,No,No,No,No,No,No,No,No,No,No,No,No,No,No,No,No,Yes,No Impact,No Impact,No Impact,No Impact,No Impact,No Impact,No Impact,No Impact,No Impact,No Impact,No Impact,No Impact,High Impact,Exercise Science,No,No,No,Yes,Yes,No,No,No,No,2,No,No,No,No,No,No,No,No,Woman,White/Caucasian,19-20
2023/09/07 9:25:00 AM EST,CMP 135 Computer Concepts with Applications,No,No,No,Yes,No,No,No,Yes,No,No,No,No,No,No,No,Some Impact,Some Impact,High Impact,No Impact,No Impact,No Impact,No Impact,No Impact,No Impact,No Impact,No Impact,No Impact,No Impact,No Impact,Some Impact,No Impact,Yes,No,No,No,No,No,No,No,No,No,No,No,No,No,No,No,No,Yes,No,No,No,No,No,No,No,No,No,Yes,No Impact,No Impact,No Impact,No Impact,No Impact,No Impact,No Impact,No Impact,No Impact,No Impact,No Impact,No Impact,No Impact,Radiography,No,No,No,No,No,No,No,No,Yes,3,No,No,No,No,No,No,Yes,No,Man,Multi-Racial,18 and younger
2023/09/07 9:25:16 AM EST,CMP 135 Computer Concepts with Applications,No,No,No,Yes,No,No,Yes,Yes,No,No,No,No,No,No,Yes,High Impact,High Impact,Some Impact,No Impact,No Impact,Some Impact,Some Impact,Some Impact,No Impact,Some Impact,No Impact,N/A,N/A,No Impact,High Impact,High Impact,Yes,Yes,No,No,No,No,No,Yes,No,Yes,Yes,Yes,No,No,No,No,No,No,No,No,No,No,No,No,No,No,No,Yes,No Impact,No Impact,No Impact,No Impact,No Impact,No Impact,No Impact,No Impact,No Impact,No Impact,No Impact,No Impact,No Impact,Theatre Technology,No,No,No,No,No,No,No,No,No,4,Yes,Yes,Yes,No,Yes,Yes,Yes,Yes,,White/Caucasian,18 and younger
2023/09/07 9:25:21 AM EST,CMP 135 Computer Concepts with Applications,No,No,No,Yes,No,No,No,No,No,No,No,No,No,No,No,No Impact,Some Impact,Some Impact,Some Impact,High Impact,Some Impact,Some Impact,No Impact,No Impact,Some Impact,No Impact,Some Impact,No Impact,No Impact,No Impact,No Impact,No,No,No,No,No,No,No,No,No,No,No,No,No,No,No,No,No,No,No,No,No,No,No,No,No,No,No,Yes,No Impact,No Impact,No Impact,No Impact,No Impact,No Impact,No Impact,No Impact,No Impact,No Impact,No Impact,No Impact,No Impact,Criminal Justice,No,No,No,No,No,No,No,No,No,1,No,No,No,No,No,No,No,No,Man,White/Caucasian,19-20
2023/09/07 9:25:52 AM EST,CMP 135 Computer Concepts with Applications,No,No,No,No,Yes,No,No,Yes,No,No,No,No,No,No,No,High Impact,High Impact,High Impact,Some Impact,Some Impact,No Impact,High Impact,High Impact,No Impact,Some Impact,No Impact,No Impact,No Impact,No Impact,Some Impact,No Impact,No,No,No,No,No,No,No,No,No,No,No,No,No,No,No,No,No,No,No,No,No,No,No,No,No,No,No,Yes,No Impact,No Impact,No Impact,No Impact,No Impact,No Impact,No Impact,No Impact,No Impact,No Impact,No Impact,No Impact,No Impact,Criminal Justice,No,No,No,No,No,No,No,No,No,3,No,No,No,No,No,No,No,No,Man,White/Caucasian,19-20
2023/09/07 9:26:29 AM EST,CMP 135 Computer Concepts with Applications,Yes,Yes,No,No,No,No,No,No,No,No,No,No,No,No,No,No Impact,No Impact,High Impact,High Impact,No Impact,No Impact,High Impact,No Impact,No Impact,No Impact,High Impact,No Impact,No Impact,High Impact,No Impact,No Impact,No,Yes,Yes,Yes,No,No,No,No,No,No,No,Yes,No,No,No,No,No,Yes,No,No,No,No,No,No,No,No,No,Yes,Some Impact,N/A,N/A,N/A,N/A,N/A,N/A,N/A,N/A,N/A,N/A,N/A,High Impact,Radiography,No,No,No,No,No,No,No,No,No,3,No,No,Yes,No,No,No,No,No,Man,Hispanic or Latino,21-24
2023/09/07 9:26:32 AM EST,CMP 135 Computer Concepts with Applications,No,No,No,Yes,Yes,Yes,No,Yes,No,No,No,No,No,No,No,High Impact,High Impact,High Impact,No Impact,Some Impact,Some Impact,No Impact,High Impact,Some Impact,Some Impact,No Impact,No Impact,No Impact,No Impact,High Impact,Some Impact,Yes,No,No,No,No,No,No,No,No,Yes,No,Yes,No,No,No,No,No,Yes,Yes,Yes,No,No,No,No,No,No,No,Yes,Some Impact,No Impact,No Impact,No Impact,No Impact,No Impact,No Impact,Some Impact,Some Impact,No Impact,No Impact,No Impact,Some Impact,Radiography,No,No,No,No,Yes,No,No,No,No,3,Yes,No,Yes,No,Yes,No,No,No,Woman,White/Caucasian,18 and younger
2023/09/07 9:26:48 AM EST,CMP 135 Computer Concepts with Applications,No,No,No,No,No,No,Yes,Yes,No,No,No,No,No,No,No,Some Impact,Some Impact,No Impact,No Impact,No Impact,No Impact,Some Impact,No Impact,No Impact,Some Impact,No Impact,No Impact,No Impact,No Impact,No Impact,No Impact,No,No,No,No,No,No,No,No,No,No,No,No,No,No,No,No,No,No,No,No,No,No,No,No,No,No,No,Yes,No Impact,No Impact,No Impact,No Impact,No Impact,No Impact,No Impact,No Impact,No Impact,No Impact,No Impact,No Impact,No Impact,Radiography,No,No,No,No,No,No,No,No,No,1,No,No,No,No,No,No,No,No,Woman,White/Caucasian,21-24
2023/09/07 9:26:49 AM EST,CMP 135 Computer Concepts with Applications,Yes,Yes,Yes,Yes,Yes,No,Yes,Yes,Yes,No,No,No,No,Yes,No,High Impact,Some Impact,Some Impact,Some Impact,High Impact,Some Impact,Some Impact,High Impact,Some Impact,High Impact,High Impact,No Impact,No Impact,No Impact,High Impact,No Impact,Yes,No,No,Yes,No,No,No,No,No,No,No,Yes,No,No,No,No,No,Yes,Yes,No,Yes,No,Yes,No,No,No,No,Yes,High Impact,High Impact,Some Impact,Some Impact,Some Impact,Some Impact,Some Impact,High Impact,Some Impact,High Impact,No Impact,Some Impact,Some Impact,Criminal Justice,No,No,Yes,Yes,Yes,No,No,No,No,3,No,Yes,No,No,No,No,No,No,Man,Hispanic or Latino;White/Caucasian,19-20
2023/09/07 9:28:30 AM EST,CMP 135 Computer Concepts with Applications,No,No,No,Yes,Yes,No,Yes,No,No,No,No,No,No,No,No,High Impact,High Impact,High Impact,High Impact,Some Impact,Some Impact,Some Impact,High Impact,High Impact,High Impact,Some Impact,Some Impact,No Impact,No Impact,High Impact,No Impact,Yes,No,No,No,No,No,No,No,No,Yes,No,Yes,No,No,No,No,No,Yes,No,No,Yes,No,Yes,No,No,No,No,Yes,Some Impact,No Impact,No Impact,No Impact,No Impact,No Impact,No Impact,Some Impact,No Impact,No Impact,No Impact,No Impact,No Impact,Criminal Justice,No,No,No,No,Yes,No,No,No,No,1,No,Yes,No,No,No,No,No,No,Prefer not to say,Choose not to reply,19-20
2023/09/07 9:29:57 AM EST,CMP 135 Computer Concepts with Applications,Yes,Yes,Yes,Yes,Yes,Yes,No,Yes,No,No,Yes,No,No,Yes,No,High Impact,High Impact,Some Impact,Some Impact,N/A,Some Impact,Some Impact,Some Impact,Some Impact,High Impact,Some Impact,N/A,N/A,N/A,High Impact,N/A,No,No,No,No,Yes,Yes,Yes,Not Sure,Not Sure,Yes,Yes,Yes,Not Sure,Not Sure,Not Sure,Not Sure,Not Sure,Yes,Yes,Yes,Yes,No,Yes,No,No,No,No,Yes,Some Impact,No Impact,N/A,N/A,N/A,N/A,N/A,Some Impact,N/A,N/A,Some Impact,N/A,N/A,Criminal Justice,Yes,Don't recall,Don't recall,Yes,Don't recall,Don't recall,Don't recall,Don't recall,Don't recall,2,No,Yes,Yes,No,No,No,Yes,No,Woman,Hispanic or Latino,19-20
2023/09/07 9:30:43 AM EST,CMP 135 Computer Concepts with Applications,Don't recall,Don't recall,Don't recall,Don't recall,Don't recall,No,Don't recall,Don't recall,Don't recall,Don't recall,Don't recall,Don't recall,Don't recall,Don't recall,Don't recall,High Impact,Some Impact,Some Impact,No Impact,No Impact,No Impact,No Impact,High Impact,No Impact,High Impact,No Impact,No Impact,No Impact,No Impact,High Impact,No Impact,Yes,No,Yes,No,No,No,No,No,No,Yes,No,Yes,No,No,No,No,No,Yes,No,Yes,Yes,Yes,Yes,No,Yes,No,No,Yes,No Impact,No Impact,No Impact,No Impact,No Impact,No Impact,No Impact,No Impact,No Impact,No Impact,No Impact,No Impact,No Impact,Criminal Justice,No,No,No,Yes,No,No,No,No,No,1,No,Yes,No,Yes,Yes,No,No,No,Man,White/Caucasian,21-24
2023/09/07 3:57:18 PM EST,CMP 126 Computer Technology and Applications,No,No,No,No,No,No,Yes,Yes,No,No,Yes,No,No,No,No,High Impact,High Impact,Some Impact,No Impact,No Impact,No Impact,No Impact,High Impact,High Impact,No Impact,No Impact,No Impact,No Impact,No Impact,Some Impact,No Impact,No,No,No,No,No,No,No,No,No,No,No,No,Yes,No,No,No,No,No,No,No,No,No,No,No,No,No,No,Yes,No Impact,No Impact,No Impact,No Impact,No Impact,No Impact,No Impact,No Impact,No Impact,No Impact,No Impact,No Impact,No Impact,Liberal Arts,No,No,No,No,No,No,No,No,Yes,1,No,No,No,No,No,No,No,No,Man,White/Caucasian,19-20
2023/09/07 5:02:33 PM EST,CMP 126 Computer Technology and Applications,No,No,No,No,No,No,Yes,Yes,No,No,No,No,No,No,No,High Impact,Some Impact,Some Impact,Some Impact,No Impact,No Impact,No Impact,High Impact,No Impact,No Impact,No Impact,No Impact,No Impact,No Impact,Some Impact,No Impact,No,No,No,No,No,No,No,No,No,No,No,No,No,No,No,No,No,Yes,Yes,Yes,No,No,No,No,No,No,No,Yes,High Impact,N/A,N/A,N/A,High Impact,N/A,N/A,N/A,N/A,N/A,N/A,N/A,N/A,Human Resources/ Psychology,No,No,Yes,Yes,No,No,No,No,No,5,No,Yes,Yes,No,Yes,Yes,Yes,No,Woman,Hispanic or Latino;Multi-Racial,21-24
2023/09/07 5:16:49 PM EST,CMP 126 Computer Technology and Applications,No,No,No,No,No,No,No,No,No,No,No,No,No,No,Yes,High Impact,High Impact,Some Impact,Some Impact,High Impact,Some Impact,High Impact,High Impact,Some Impact,No Impact,No Impact,Some Impact,No Impact,Some Impact,High Impact,No Impact,Yes,No,No,No,No,No,No,No,No,Yes,No,Yes,No,No,No,No,No,No,No,No,No,No,No,No,No,No,No,Yes,No Impact,No Impact,No Impact,No Impact,No Impact,No Impact,No Impact,No Impact,No Impact,No Impact,No Impact,No Impact,No Impact,Liberal Arts,No,No,No,No,No,No,No,No,No,1,No,No,No,No,No,No,No,No,Woman,Choose not to reply,19-20
2023/09/07 5:22:33 PM EST,CMP 126 Computer Technology and Applications,Yes,No,Yes,Yes,Yes,No,Yes,Yes,No,No,No,No,No,Yes,Don't recall,High Impact,High Impact,High Impact,No Impact,No Impact,No Impact,No Impact,No Impact,No Impact,No Impact,No Impact,High Impact,No Impact,No Impact,High Impact,High Impact,No,No,No,No,No,No,No,No,No,No,No,No,No,No,No,No,No,No,No,No,No,No,No,No,No,No,No,Yes,No Impact,No Impact,No Impact,No Impact,No Impact,No Impact,No Impact,No Impact,No Impact,No Impact,No Impact,No Impact,No Impact,Nursing,No,No,No,No,No,No,No,No,No,2,No,No,No,No,No,Yes,No,Yes,Man,White/Caucasian,18 and younger
2023/09/08 10:29:09 AM EST,CMP 126 Computer Technology and Applications,Yes,Don't recall,Yes,Yes,Yes,No,Yes,Yes,No,No,No,No,No,No,No,High Impact,High Impact,Some Impact,N/A,No Impact,No Impact,Some Impact,Some Impact,No Impact,No Impact,No Impact,No Impact,No Impact,No Impact,High Impact,No Impact,Yes,No,Yes,No,No,No,No,No,No,No,No,Yes,No,No,No,No,No,No,No,No,No,No,No,No,No,No,No,Yes,No Impact,No Impact,No Impact,No Impact,No Impact,No Impact,No Impact,No Impact,No Impact,No Impact,No Impact,No Impact,No Impact,Liberal Arts,No,No,No,No,No,No,No,No,No,1,No,No,No,No,No,No,No,No,Woman,White/Caucasian,19-20
2023/09/08 11:08:50 AM EST,CMP 101 Computer Information Literacy,No,Yes,No,Yes,Yes,No,Yes,Yes,Yes,Yes,Yes,Yes,Yes,Yes,Yes,Some Impact,No Impact,No Impact,No Impact,Some Impact,No Impact,No Impact,No Impact,No Impact,No Impact,Some Impact,No Impact,No Impact,No Impact,High Impact,N/A,Yes,No,No,No,No,No,No,No,No,No,No,No,No,No,No,No,No,No,No,No,No,No,No,No,No,No,No,Yes,No Impact,No Impact,No Impact,No Impact,No Impact,No Impact,No Impact,No Impact,No Impact,No Impact,No Impact,No Impact,No Impact,Early Childhood Education,No,No,No,No,No,No,No,No,No,1,No,No,No,No,No,No,No,No,Woman,White/Caucasian,18 and younger
2023/09/08 7:56:05 PM EST,CMP 101 Computer Information Literacy,Don't recall,Don't recall,Don't recall,Yes,Yes,Yes,Yes,Yes,Don't recall,Don't recall,Don't recall,No,No,No,No,High Impact,High Impact,High Impact,Some Impact,High Impact,Some Impact,High Impact,High Impact,Some Impact,High Impact,Some Impact,Some Impact,No Impact,No Impact,Some Impact,No Impact,Yes,No,No,No,No,No,No,No,No,No,No,Yes,No,No,Yes,No,No,Yes,No,Yes,Yes,No,Yes,No,No,No,No,No,No Impact,No Impact,No Impact,No Impact,No Impact,No Impact,No Impact,Some Impact,Some Impact,Some Impact,Some Impact,No Impact,No Impact,Nursing,Don't recall,Don't recall,Don't recall,Don't recall,Don't recall,Don't recall,Don't recall,Don't recall,Don't recall,2,No,Yes,No,No,No,No,No,No,Woman,White/Caucasian,19-20
2023/09/09 7:26:23 AM EST,CMP 126 Computer Technology and Applications,No,No,No,Yes,Yes,Yes,Yes,Yes,No,No,Yes,No,No,No,No,High Impact,High Impact,High Impact,Some Impact,Some Impact,High Impact,High Impact,No Impact,No Impact,High Impact,Some Impact,Some Impact,Some Impact,No Impact,High Impact,High Impact,Yes,No,No,No,No,No,No,No,No,No,Yes,No,No,No,No,No,No,No,No,No,Yes,No,No,No,No,No,No,Yes,No Impact,No Impact,No Impact,No Impact,No Impact,No Impact,No Impact,No Impact,No Impact,No Impact,No Impact,No Impact,No Impact,Broadcasting Arts and Technology,No,No,No,No,No,No,No,No,No,1,No,No,No,No,No,No,No,No,Woman,White/Caucasian,21-24
2023/09/09 9:18:29 AM EST,CMP 126 Computer Technology and Applications,No,No,No,No,No,No,No,No,No,No,No,No,No,No,Yes,High Impact,High Impact,High Impact,N/A,N/A,N/A,N/A,High Impact,N/A,N/A,N/A,N/A,N/A,N/A,High Impact,N/A,No,No,No,No,No,No,No,No,No,No,No,No,No,No,No,No,No,No,No,No,No,No,No,No,Yes,No,No,No,N/A,N/A,N/A,N/A,N/A,N/A,N/A,N/A,N/A,N/A,N/A,N/A,N/A,Liberal Arts,No,No,No,No,No,No,No,No,No,1,No,No,No,No,No,No,No,No,Man,White/Caucasian,35-64
2023/09/09 7:08:24 PM EST,CMP 101 Computer Information Literacy,Don't recall,Don't recall,Don't recall,Don't recall,Don't recall,Don't recall,Don't recall,Don't recall,Don't recall,Don't recall,Don't recall,Don't recall,Don't recall,Don't recall,Don't recall,N/A,N/A,N/A,N/A,N/A,N/A,N/A,N/A,N/A,N/A,N/A,N/A,N/A,N/A,N/A,N/A,No,No,No,No,No,No,No,No,No,No,No,No,No,No,No,No,No,Yes,No,No,Yes,No,Yes,No,No,No,No,Yes,No Impact,No Impact,No Impact,No Impact,No Impact,No Impact,No Impact,No Impact,No Impact,No Impact,No Impact,No Impact,No Impact,Child and Family Studies,No,No,No,No,No,No,No,No,No,3,No,No,No,No,No,No,No,No,Non-binary,Choose not to reply,18 and younger
2023/09/09 9:53:48 PM EST,CMP 101 Computer Information Literacy,No,No,No,No,No,No,No,No,No,No,No,No,No,Yes,No,Some Impact,High Impact,Some Impact,Some Impact,Some Impact,N/A,N/A,N/A,N/A,N/A,N/A,N/A,N/A,N/A,N/A,N/A,No,No,No,No,No,No,No,No,No,No,No,No,No,No,No,No,No,Yes,No,Yes,Yes,Yes,Yes,No,No,No,No,Yes,N/A,N/A,N/A,N/A,N/A,N/A,N/A,N/A,N/A,N/A,N/A,N/A,N/A,Nursing,Don't recall,Don't recall,Don't recall,Don't recall,Yes,Don't recall,Don't recall,Don't recall,Don't recall,3,Yes,Yes,Yes,No,Yes,Yes,No,Yes,Prefer not to say,Choose not to reply,35-64
2023/09/09 11:19:13 PM EST,CMP 101 Computer Information Literacy,Yes,Yes,No,No,No,No,No,No,No,No,Yes,No,No,Yes,No,Some Impact,High Impact,High Impact,Some Impact,No Impact,No Impact,High Impact,High Impact,No Impact,No Impact,No Impact,No Impact,N/A,N/A,High Impact,N/A,Yes,No,Yes,No,No,No,No,No,No,No,No,Yes,No,No,No,No,No,Yes,No,Yes,Yes,No,Yes,No,No,No,No,Yes,No Impact,No Impact,No Impact,No Impact,No Impact,No Impact,No Impact,No Impact,Some Impact,No Impact,Some Impact,No Impact,No Impact,Liberal Arts,No,No,No,No,No,No,No,No,No,2,No,Yes,No,Yes,No,No,No,No,Woman,Hispanic or Latino,25-34
2023/09/11 3:07:18 PM EST,CMP 101 Computer Information Literacy,Don't recall,Yes,No,Yes,No,Yes,Yes,Don't recall,No,No,Yes,No,No,No,Don't recall,High Impact,High Impact,No Impact,No Impact,No Impact,No Impact,No Impact,No Impact,No Impact,Some Impact,No Impact,No Impact,High Impact,No Impact,High Impact,No Impact,No,No,No,Yes,No,No,No,No,No,No,No,Yes,No,No,No,No,No,Yes,No,Yes,Yes,No,Yes,No,No,No,No,Yes,No Impact,No Impact,No Impact,No Impact,No Impact,No Impact,No Impact,No Impact,No Impact,No Impact,High Impact,No Impact,No Impact,Liberal Arts,No,No,No,No,Yes,No,No,No,No,3,No,Yes,Yes,No,No,No,No,No,Woman,White/Caucasian,19-20
2023/09/11 3:23:01 PM EST,CMP 126 Computer Technology and Applications,Yes,Yes,Yes,Yes,Yes,Yes,Yes,Yes,Yes,No,No,No,No,Yes,Yes,High Impact,High Impact,No Impact,No Impact,High Impact,No Impact,No Impact,High Impact,No Impact,No Impact,No Impact,No Impact,N/A,N/A,High Impact,N/A,Yes,No,No,No,No,No,No,No,No,Yes,No,Yes,No,No,No,No,No,No,No,No,No,No,No,No,No,No,No,Yes,No Impact,No Impact,No Impact,No Impact,No Impact,No Impact,No Impact,Some Impact,No Impact,No Impact,No Impact,No Impact,Some Impact,Broadcasting Arts and Technology,Don't recall,Don't recall,No,No,No,No,No,No,Don't recall,1,No,No,No,No,No,No,No,No,Man,Hispanic or Latino,21-24
2023/09/11 7:01:16 PM EST,CMP 101 Computer Information Literacy,Yes,Yes,Yes,Yes,Yes,Yes,No,No,Yes,No,No,No,No,No,No,Some Impact,Some Impact,Some Impact,Some Impact,Some Impact,High Impact,High Impact,High Impact,High Impact,High Impact,Some Impact,High Impact,Some Impact,High Impact,Some Impact,High Impact,Yes,Not Sure,Yes,Yes,Yes,Not Sure,Yes,Yes,Yes,Yes,No,Yes,Yes,Not Sure,Not Sure,Yes,Not Sure,Yes,Yes,Yes,Yes,Yes,Yes,Yes,Yes,Yes,Yes,No,Some Impact,High Impact,Some Impact,Some Impact,Some Impact,Some Impact,Some Impact,Some Impact,Some Impact,Some Impact,Some Impact,Some Impact,Some Impact,Early Childhood Education,No,No,Yes,Yes,No,No,Yes,No,Don't recall,4,No,Yes,No,No,No,Yes,No,Yes,Woman,Hispanic or Latino,21-24
2023/09/11 9:24:21 PM EST,CMP 101 Computer Information Literacy,No,No,No,Yes,No,Yes,No,Yes,No,No,No,No,No,No,No,High Impact,High Impact,High Impact,High Impact,High Impact,Some Impact,High Impact,High Impact,High Impact,High Impact,No Impact,Some Impact,Some Impact,No Impact,High Impact,No Impact,No,No,No,No,No,No,No,No,No,No,No,No,No,No,No,No,No,Yes,Yes,No,No,No,No,No,No,No,No,Yes,No Impact,No Impact,No Impact,No Impact,No Impact,No Impact,No Impact,High Impact,No Impact,No Impact,No Impact,High Impact,High Impact,Early Childhood Education,No,No,No,Yes,Yes,No,No,No,No,4,No,No,No,Yes,No,No,Yes,No,Man,Asian,21-24
2023/09/12 8:36:12 AM EST,CMP 126 Computer Technology and Applications,Don't recall,Don't recall,Don't recall,Yes,Don't recall,Don't recall,Don't recall,Yes,Don't recall,Don't recall,Don't recall,Don't recall,Don't recall,Don't recall,Don't recall,High Impact,High Impact,High Impact,High Impact,High Impact,High Impact,N/A,High Impact,N/A,High Impact,High Impact,N/A,N/A,N/A,High Impact,N/A,Yes,Not Sure,Not Sure,Yes,Not Sure,Not Sure,Not Sure,Not Sure,Not Sure,Yes,Not Sure,Yes,Not Sure,Not Sure,Not Sure,Not Sure,Not Sure,No,Yes,Yes,No,No,No,No,Yes,No,No,Yes,N/A,N/A,N/A,N/A,N/A,N/A,N/A,No Impact,N/A,No Impact,No Impact,N/A,N/A,Liberal Arts,Yes,Don't recall,Yes,Don't recall,Don't recall,Don't recall,Don't recall,Don't recall,Don't recall,5,Yes,Yes,Yes,Yes,Yes,Yes,Yes,Yes,Woman,Hispanic or Latino,19-20
2023/09/12 8:44:13 AM EST,CMP 126 Computer Technology and Applications,No,No,No,No,No,No,Yes,Yes,No,No,No,No,No,No,No,Some Impact,High Impact,Some Impact,No Impact,No Impact,High Impact,No Impact,High Impact,No Impact,High Impact,Some Impact,No Impact,High Impact,No Impact,No Impact,No Impact,Yes,No,No,No,No,No,No,No,No,No,No,No,No,No,No,No,No,No,No,No,No,No,No,No,No,No,No,No,No Impact,No Impact,No Impact,No Impact,No Impact,No Impact,No Impact,No Impact,No Impact,No Impact,No Impact,No Impact,No Impact,Communication,Don't recall,Don't recall,Don't recall,Don't recall,Yes,Don't recall,Don't recall,Don't recall,Don't recall,2,No,No,No,No,No,No,Yes,No,Man,Hispanic or Latino,19-20
2023/09/12 10:10:20 AM EST,CMP 126 Computer Technology and Applications,Yes,Yes,Don't recall,Yes,Yes,Yes,Yes,Yes,No,No,No,No,No,No,No,High Impact,High Impact,High Impact,No Impact,High Impact,N/A,Some Impact,High Impact,N/A,High Impact,High Impact,N/A,N/A,N/A,Some Impact,No Impact,Yes,No,No,No,No,No,No,No,No,No,No,Yes,No,No,No,No,No,Yes,Yes,Yes,No,No,No,No,No,No,No,Yes,High Impact,High Impact,High Impact,No Impact,No Impact,No Impact,No Impact,Some Impact,No Impact,High Impact,No Impact,No Impact,No Impact,Broadcasting Arts and Technology,No,No,No,Yes,No,No,No,No,Yes,4,No,No,No,No,No,No,Yes,Yes,Man,Black/African American,19-20
2023/09/12 12:13:37 PM EST,CMP 126 Computer Technology and Applications,Yes,Yes,Yes,Yes,Yes,Yes,Yes,Yes,Yes,Yes,Yes,Yes,Yes,Yes,Yes,High Impact,High Impact,High Impact,High Impact,High Impact,High Impact,High Impact,High Impact,High Impact,High Impact,High Impact,High Impact,High Impact,High Impact,High Impact,High Impact,Yes,Yes,Yes,Yes,Yes,Yes,Yes,Yes,Yes,Yes,Yes,Yes,Yes,Yes,Yes,Yes,Yes,Yes,Yes,Yes,Yes,Yes,Yes,Yes,Yes,Yes,Yes,Yes,High Impact,High Impact,High Impact,High Impact,High Impact,High Impact,High Impact,High Impact,High Impact,High Impact,High Impact,High Impact,High Impact,Broadcasting Arts and Technology,Yes,Yes,Yes,Yes,Yes,Yes,Yes,Yes,Yes,5,Yes,Yes,Yes,Yes,Yes,Yes,Yes,Yes,Prefer not to say,Choose not to reply,19-20
2023/09/12 12:17:29 PM EST,CMP 126 Computer Technology and Applications,Yes,Yes,Yes,Yes,Yes,Yes,Yes,Yes,Yes,Yes,Yes,Yes,Yes,Yes,Yes,Some Impact,Some Impact,Some Impact,Some Impact,Some Impact,Some Impact,Some Impact,Some Impact,Some Impact,Some Impact,Some Impact,Some Impact,Some Impact,Some Impact,Some Impact,Some Impact,Yes,Yes,Yes,Yes,Yes,Yes,Yes,Yes,Yes,Yes,Yes,Yes,Yes,Yes,Yes,Yes,Yes,Yes,Yes,Yes,Yes,Yes,Yes,Yes,Yes,Yes,Yes,Yes,Some Impact,Some Impact,Some Impact,Some Impact,Some Impact,Some Impact,Some Impact,Some Impact,Some Impact,Some Impact,Some Impact,Some Impact,Some Impact,Broadcasting Arts and Technology,Yes,Yes,Yes,Yes,Yes,Yes,Yes,Yes,Yes,5,Yes,Yes,Yes,Yes,Yes,Yes,Yes,Yes,Prefer not to say,Choose not to reply,19-20
2023/09/12 1:11:16 PM EST,CMP 101 Computer Information Literacy,No,Yes,Yes,Yes,Yes,Yes,Yes,Yes,No,No,Yes,No,No,Yes,No,High Impact,High Impact,Some Impact,Some Impact,High Impact,Some Impact,High Impact,Some Impact,High Impact,Some Impact,Some Impact,High Impact,No Impact,High Impact,High Impact,No Impact,Yes,No,No,No,No,Yes,No,No,No,Yes,Yes,No,No,No,Yes,No,No,Yes,No,No,Yes,No,No,No,No,No,No,Yes,Some Impact,No Impact,No Impact,No Impact,No Impact,No Impact,No Impact,No Impact,No Impact,No Impact,No Impact,No Impact,Some Impact,Psychology,No,No,No,Yes,Yes,No,No,No,No,3,No,No,No,Yes,Yes,No,Yes,Yes,Woman,Hispanic or Latino,19-20
2023/09/12 5:52:37 PM EST,CMP 126 Computer Technology and Applications,No,No,No,No,No,No,No,Yes,No,No,No,No,No,No,No,High Impact,High Impact,High Impact,N/A,No Impact,N/A,No Impact,N/A,N/A,No Impact,N/A,N/A,N/A,N/A,N/A,N/A,Yes,No,Yes,No,No,Not Sure,No,Yes,No,No,Not Sure,No,No,No,No,No,No,Yes,Yes,No,Yes,No,No,No,No,No,Yes,Yes,No Impact,N/A,N/A,N/A,N/A,N/A,N/A,N/A,N/A,Some Impact,N/A,N/A,Some Impact,World Language,No,No,Yes,No,Yes,No,No,No,No,3,Yes,No,Yes,No,No,No,No,No,Man,Hispanic or Latino;White/Caucasian,19-20
2023/09/12 7:18:20 PM EST,CMP 101 Computer Information Literacy,No,No,No,Yes,Yes,Yes,Yes,Yes,No,No,No,No,No,No,No,No Impact,Some Impact,Some Impact,High Impact,Some Impact,Some Impact,Some Impact,Some Impact,Some Impact,Some Impact,Some Impact,Some Impact,Some Impact,Some Impact,Some Impact,Some Impact,Not Sure,Not Sure,Not Sure,Not Sure,Not Sure,Not Sure,Not Sure,Not Sure,Not Sure,Not Sure,Not Sure,Not Sure,Not Sure,Not Sure,Not Sure,Not Sure,Not Sure,Yes,Yes,Yes,No,No,No,No,No,No,No,Yes,Some Impact,Some Impact,Some Impact,Some Impact,Some Impact,Some Impact,Some Impact,Some Impact,Some Impact,Some Impact,Some Impact,Some Impact,Some Impact,Early Childhood Education,Don't recall,Don't recall,Don't recall,Don't recall,Don't recall,Don't recall,Don't recall,Don't recall,Don't recall,3,No,No,No,No,No,No,No,No,Woman,White/Caucasian,19-20
2023/09/12 7:26:52 PM EST,CMP 101 Computer Information Literacy,Yes,No,No,No,No,No,No,No,No,No,No,No,No,No,Yes,High Impact,High Impact,High Impact,No Impact,Some Impact,Some Impact,High Impact,Some Impact,No Impact,No Impact,No Impact,No Impact,No Impact,No Impact,Some Impact,No Impact,No,No,Yes,No,No,No,No,No,No,No,No,No,No,No,No,No,No,Yes,No,Yes,No,No,Yes,No,No,No,No,No,Some Impact,N/A,N/A,N/A,N/A,N/A,N/A,Some Impact,N/A,N/A,N/A,High Impact,High Impact,Nursing,No,No,No,No,Yes,No,No,No,No,4,No,Yes,Yes,No,No,No,No,No,Man,Asian,21-24
2023/09/12 8:16:54 PM EST,CMP 126 Computer Technology and Applications,No,No,No,No,No,No,No,Yes,No,No,No,No,No,No,No,High Impact,Some Impact,Some Impact,High Impact,Some Impact,Some Impact,Some Impact,No Impact,No Impact,No Impact,No Impact,No Impact,No Impact,No Impact,No Impact,No Impact,Yes,No,Yes,No,No,No,No,No,No,No,No,No,No,No,No,No,No,Yes,Yes,Yes,Yes,No,Yes,Yes,Yes,No,No,Yes,High Impact,No Impact,No Impact,No Impact,No Impact,No Impact,No Impact,No Impact,High Impact,High Impact,No Impact,Some Impact,Some Impact,Child and Family Studies,Don't recall,Don't recall,No,Yes,Yes,No,No,Don't recall,No,2,No,No,No,Yes,No,No,No,No,Woman,White/Caucasian,21-24
2023/09/13 12:54:45 PM EST,CMP 126 Computer Technology and Applications,No,No,No,Yes,No,Yes,Yes,Yes,No,No,No,No,No,No,No,High Impact,Some Impact,No Impact,Some Impact,No Impact,No Impact,No Impact,No Impact,No Impact,Some Impact,No Impact,No Impact,No Impact,No Impact,Some Impact,No Impact,No,No,No,No,No,No,No,No,No,No,No,No,No,No,No,No,No,No,No,No,No,No,No,No,No,No,No,Yes,No Impact,No Impact,No Impact,No Impact,No Impact,No Impact,No Impact,No Impact,No Impact,No Impact,No Impact,No Impact,No Impact,Criminal Justice,No,No,No,No,No,No,No,No,No,2,No,Yes,No,No,No,No,No,No,Woman,White/Caucasian,19-20
2023/09/13 1:28:22 PM EST,CMP 101 Computer Information Literacy,Yes,Don't recall,No,Yes,Yes,Don't recall,Yes,Yes,No,Yes,Don't recall,Yes,Don't recall,Don't recall,Don't recall,N/A,High Impact,Some Impact,Some Impact,High Impact,High Impact,High Impact,High Impact,High Impact,High Impact,High Impact,High Impact,High Impact,High Impact,High Impact,High Impact,No,No,Yes,Yes,Not Sure,Not Sure,Not Sure,Not Sure,Not Sure,Yes,Yes,Not Sure,Not Sure,Not Sure,Not Sure,Not Sure,Not Sure,Yes,No,Yes,Yes,Yes,Yes,Yes,Yes,No,Yes,Yes,Some Impact,High Impact,No Impact,Some Impact,N/A,N/A,Some Impact,High Impact,High Impact,High Impact,High Impact,High Impact,High Impact,Theatre Technology,Yes,Yes,Yes,Yes,Don't recall,No,No,No,Don't recall,2,No,No,No,No,No,No,No,No,Woman,Asian,19-20
2023/09/13 6:52:08 PM EST,CMP 126 Computer Technology and Applications,No,No,No,Yes,Yes,No,Don't recall,Don't recall,No,No,No,No,No,Yes,Don't recall,High Impact,High Impact,High Impact,High Impact,No Impact,No Impact,Some Impact,High Impact,No Impact,No Impact,No Impact,High Impact,Some Impact,No Impact,High Impact,No Impact,No,No,No,No,No,No,No,No,No,No,No,No,No,No,No,No,No,No,No,No,No,No,Yes,No,No,No,No,Yes,No Impact,No Impact,No Impact,No Impact,No Impact,No Impact,No Impact,No Impact,No Impact,No Impact,No Impact,No Impact,No Impact,Child and Family Studies,No,No,No,Don't recall,Don't recall,No,No,No,No,2,No,No,No,No,No,No,No,No,Woman,White/Caucasian,35-64
2023/09/13 8:14:59 PM EST,CMP 101 Computer Information Literacy,No,No,No,Yes,Yes,No,No,Yes,No,No,No,No,No,No,No,High Impact,High Impact,No Impact,No Impact,High Impact,No Impact,Some Impact,Some Impact,No Impact,No Impact,No Impact,Some Impact,High Impact,No Impact,High Impact,No Impact,No,No,No,No,No,No,No,No,No,No,No,No,No,No,No,Yes,No,No,Yes,Yes,No,No,Yes,No,No,No,No,Yes,No Impact,No Impact,No Impact,No Impact,No Impact,No Impact,No Impact,No Impact,No Impact,No Impact,No Impact,No Impact,No Impact,Liberal Arts,No,No,No,No,No,No,No,No,No,3,Yes,No,Yes,No,No,No,No,No,Woman,Hispanic or Latino;Black/African American,19-20
2023/09/14 8:43:10 AM EST,CMP 101 Computer Information Literacy,No,No,No,Yes,Don't recall,Don't recall,Yes,Don't recall,No,No,No,No,No,No,No,No Impact,No Impact,High Impact,High Impact,High Impact,No Impact,High Impact,High Impact,High Impact,Some Impact,Some Impact,N/A,No Impact,No Impact,High Impact,No Impact,No,No,No,No,No,No,No,No,No,No,No,Yes,No,No,No,No,No,No,Yes,No,No,No,No,No,No,No,No,Yes,No Impact,No Impact,Some Impact,No Impact,No Impact,No Impact,No Impact,No Impact,No Impact,No Impact,No Impact,No Impact,No Impact,Radiography,No,No,No,No,No,No,No,No,No,2,No,No,No,No,No,No,No,No,Woman,Hispanic or Latino,19-20
2023/09/14 9:43:11 AM EST,CMP 101 Computer Information Literacy,No,No,No,Yes,No,No,No,No,No,No,No,No,No,No,No,Some Impact,Some Impact,High Impact,Some Impact,Some Impact,Some Impact,High Impact,Some Impact,No Impact,Some Impact,No Impact,No Impact,No Impact,No Impact,Some Impact,No Impact,No,No,Yes,Yes,No,No,No,No,No,No,No,No,No,No,No,No,No,No,No,No,No,No,No,No,No,No,No,Yes,No Impact,No Impact,No Impact,No Impact,No Impact,No Impact,No Impact,No Impact,No Impact,No Impact,No Impact,No Impact,No Impact,Early Childhood Education,No,No,No,No,No,No,No,No,No,3,No,Yes,No,No,No,Yes,No,Yes,Woman,Asian,25-34
2023/09/14 1:15:17 PM EST,CMP 101 Computer Information Literacy,No,Don't recall,No,Yes,No,No,Yes,Yes,No,Don't recall,No,Yes,Don't recall,Yes,Don't recall,High Impact,High Impact,Some Impact,No Impact,Some Impact,N/A,High Impact,High Impact,N/A,N/A,N/A,N/A,N/A,N/A,No Impact,N/A,No,Not Sure,Not Sure,Not Sure,Yes,Yes,Yes,Yes,Yes,Not Sure,Yes,No,Not Sure,Not Sure,No,No,Not Sure,Yes,Yes,Yes,Yes,Yes,Yes,Yes,Yes,No,No,Yes,N/A,N/A,High Impact,N/A,N/A,N/A,High Impact,Some Impact,Some Impact,Some Impact,High Impact,No Impact,High Impact,Liberal Arts,Don't recall,No,No,Don't recall,Yes,Don't recall,Don't recall,Don't recall,Don't recall,5,Yes,No,No,Yes,Yes,No,No,No,Woman,White/Caucasian,35-64
2023/09/14 9:06:17 PM EST,CMP 101 Computer Information Literacy,Yes,Don't recall,Don't recall,Don't recall,Don't recall,Don't recall,Don't recall,Don't recall,Don't recall,Don't recall,Don't recall,Don't recall,Don't recall,Don't recall,Don't recall,Some Impact,High Impact,Some Impact,Some Impact,High Impact,High Impact,High Impact,Some Impact,Some Impact,No Impact,Some Impact,Some Impact,No Impact,Some Impact,Some Impact,No Impact,Not Sure,Not Sure,Not Sure,Not Sure,Not Sure,Yes,No,No,Not Sure,Not Sure,No,Yes,No,No,Yes,No,No,Yes,No,No,No,No,Yes,No,No,No,No,No,No Impact,No Impact,No Impact,No Impact,No Impact,No Impact,Some Impact,No Impact,No Impact,No Impact,No Impact,Some Impact,Some Impact,Liberal Arts,Don't recall,Don't recall,Don't recall,Don't recall,Yes,Don't recall,Yes,Don't recall,Don't recall,3,Yes,Yes,Yes,No,Yes,Yes,Yes,No,Man,White/Caucasian,19-20
2023/09/14 9:14:12 PM EST,CMP 101 Computer Information Literacy,Yes,Yes,Yes,Yes,Yes,Yes,Yes,Yes,Yes,Don't recall,Don't recall,Don't recall,Don't recall,Yes,Don't recall,High Impact,High Impact,High Impact,Some Impact,High Impact,High Impact,High Impact,High Impact,High Impact,Some Impact,Some Impact,Some Impact,Some Impact,Some Impact,Some Impact,Some Impact,No,No,No,No,Not Sure,Yes,Yes,No,No,No,No,Yes,No,No,Yes,Not Sure,Not Sure,Yes,Yes,Yes,Yes,No,Yes,No,Yes,No,No,Yes,No Impact,No Impact,No Impact,No Impact,No Impact,No Impact,No Impact,High Impact,High Impact,High Impact,No Impact,High Impact,High Impact,Liberal Arts,Yes,Yes,Yes,Yes,Yes,No,Yes,Yes,Yes,3,Yes,Yes,Yes,No,Yes,Yes,Yes,No,Man,White/Caucasian,19-20
2023/09/14 9:43:15 PM EST,CMP 135 Computer Concepts with Applications,No,No,No,Yes,No,No,No,No,No,No,No,No,No,No,No,No Impact,Some Impact,Some Impact,No Impact,Some Impact,Some Impact,Some Impact,No Impact,No Impact,Some Impact,No Impact,No Impact,No Impact,No Impact,No Impact,No Impact,No,No,No,No,No,No,No,No,No,No,No,No,No,No,No,No,No,No,No,No,No,No,No,No,No,No,No,No,No Impact,No Impact,No Impact,No Impact,No Impact,No Impact,No Impact,No Impact,No Impact,No Impact,No Impact,No Impact,No Impact,Criminal Justice,No,No,No,No,No,No,No,No,Yes,1,No,No,No,No,No,No,No,No,Man,White/Caucasian,19-20
2023/09/15 9:53:34 AM EST,CMP 126 Computer Technology and Applications,Yes,No,No,Yes,Yes,Don't recall,Yes,Yes,Yes,No,No,Yes,No,No,No,Some Impact,N/A,Some Impact,Some Impact,Some Impact,Some Impact,Some Impact,High Impact,High Impact,High Impact,Some Impact,High Impact,No Impact,No Impact,High Impact,No Impact,No,No,No,No,No,No,No,No,No,Yes,No,No,No,No,No,No,No,Yes,No,No,Yes,No,Yes,Yes,Yes,No,No,Yes,N/A,N/A,N/A,N/A,N/A,N/A,N/A,N/A,N/A,N/A,N/A,N/A,N/A,Broadcasting Arts and Technology,No,No,No,No,No,No,No,No,No,3,No,No,Yes,No,No,No,Yes,No,Man,Hispanic or Latino;Asian;White/Caucasian;Multi-Racial,19-20
2023/09/15 12:12:42 PM EST,CMP 101 Computer Information Literacy,No,No,No,Yes,No,No,No,No,No,No,No,No,No,No,No,Some Impact,Some Impact,Some Impact,Some Impact,Some Impact,Some Impact,Some Impact,Some Impact,Some Impact,Some Impact,Some Impact,Some Impact,Some Impact,Some Impact,Some Impact,No Impact,No,No,No,No,No,No,No,No,No,No,No,No,No,No,No,No,No,Yes,Yes,No,No,No,No,No,No,No,No,No,Some Impact,Some Impact,Some Impact,Some Impact,Some Impact,Some Impact,Some Impact,Some Impact,Some Impact,Some Impact,Some Impact,Some Impact,Some Impact,Liberal Arts,No,No,No,No,No,No,No,No,No,2,No,No,No,No,No,No,No,No,Man,White/Caucasian,19-20
2023/09/15 3:54:35 PM EST,CMP 126 Computer Technology and Applications,No,No,No,No,Yes,No,No,No,No,No,No,No,No,No,Don't recall,Some Impact,Some Impact,Some Impact,Some Impact,No Impact,No Impact,No Impact,Some Impact,No Impact,No Impact,No Impact,No Impact,No Impact,No Impact,Some Impact,No Impact,No,No,No,No,No,No,No,No,No,No,No,No,No,No,No,No,No,Yes,Yes,Yes,Yes,Yes,Yes,No,Yes,No,No,Yes,No Impact,No Impact,No Impact,No Impact,No Impact,No Impact,No Impact,No Impact,No Impact,No Impact,No Impact,No Impact,No Impact,Communication,No,No,No,No,No,No,No,No,No,5,Yes,Yes,Yes,Yes,Yes,Yes,Yes,Yes,Non-binary,White/Caucasian,25-34
2023/09/15 8:09:18 PM EST,CMP 126 Computer Technology and Applications,No,No,No,Yes,No,Yes,Yes,Yes,No,No,No,No,No,No,Don't recall,High Impact,Some Impact,High Impact,No Impact,No Impact,High Impact,No Impact,High Impact,High Impact,No Impact,Some Impact,No Impact,No Impact,No Impact,High Impact,No Impact,No,No,No,No,No,No,No,No,No,No,No,No,No,No,No,No,No,Yes,Yes,Yes,No,No,No,No,No,No,No,Yes,No Impact,No Impact,No Impact,No Impact,No Impact,No Impact,No Impact,No Impact,No Impact,No Impact,No Impact,Some Impact,Some Impact,Liberal Arts,No,No,No,No,Yes,No,No,No,No,3,Yes,No,Yes,No,No,No,Yes,No,Woman,Black/African American,19-20
2023/09/15 8:26:42 PM EST,CMP 126 Computer Technology and Applications,Yes,Yes,Yes,Yes,Yes,Don't recall,Yes,Yes,Don't recall,Don't recall,Don't recall,Don't recall,Don't recall,Don't recall,Don't recall,High Impact,High Impact,High Impact,High Impact,Some Impact,Some Impact,Some Impact,High Impact,High Impact,High Impact,High Impact,No Impact,No Impact,High Impact,High Impact,No Impact,Yes,No,Yes,No,No,No,No,No,No,Yes,Yes,Yes,No,No,No,No,No,Yes,Yes,Yes,Yes,Yes,Yes,No,Yes,No,No,No,High Impact,No Impact,No Impact,No Impact,No Impact,No Impact,No Impact,No Impact,No Impact,High Impact,No Impact,High Impact,High Impact,Criminal Justice,Yes,Yes,Yes,Yes,Yes,No,No,No,No,3,Yes,Yes,Yes,No,No,Yes,Yes,Yes,Woman,White/Caucasian,19-20
2023/09/15 9:01:04 PM EST,CMP 126 Computer Technology and Applications,No,No,No,No,No,No,No,No,No,No,No,No,No,No,Yes,N/A,N/A,N/A,N/A,N/A,N/A,N/A,N/A,N/A,N/A,N/A,N/A,N/A,N/A,N/A,N/A,No,No,No,No,No,No,No,No,No,No,No,No,No,No,No,No,No,No,No,No,No,No,No,No,No,No,No,Yes,No Impact,No Impact,No Impact,No Impact,No Impact,No Impact,No Impact,No Impact,No Impact,No Impact,No Impact,No Impact,No Impact,Broadcasting Arts and Technology,No,No,No,No,No,No,No,No,No,3,Yes,No,Yes,No,No,Yes,Yes,No,Man,White/Caucasian,19-20
2023/09/15 9:24:48 PM EST,CMP 101 Computer Information Literacy,No,No,No,No,No,No,Yes,No,No,No,No,No,No,No,No,Some Impact,Some Impact,Some Impact,Some Impact,Some Impact,High Impact,High Impact,Some Impact,Some Impact,Some Impact,Some Impact,No Impact,No Impact,No Impact,High Impact,No Impact,No,No,No,No,No,No,No,No,No,No,No,No,No,No,No,No,No,No,No,No,No,No,No,No,No,No,No,Yes,No Impact,No Impact,No Impact,No Impact,No Impact,No Impact,No Impact,No Impact,No Impact,No Impact,No Impact,No Impact,No Impact,Liberal Arts,No,No,No,No,No,No,No,No,No,3,Yes,Yes,No,No,Yes,Yes,Yes,Yes,Man,Hispanic or Latino,19-20
2023/09/17 7:19:11 PM EST,CMP 101 Computer Information Literacy,No,No,No,Yes,No,No,No,No,No,No,No,No,No,No,No,High Impact,High Impact,No Impact,No Impact,No Impact,No Impact,High Impact,High Impact,High Impact,N/A,N/A,N/A,N/A,N/A,High Impact,N/A,No,No,No,No,No,No,No,No,No,No,No,No,No,No,No,No,No,No,No,No,No,No,No,No,No,No,No,Yes,N/A,N/A,N/A,N/A,N/A,N/A,N/A,N/A,N/A,N/A,N/A,N/A,N/A,Nursing,No,No,No,No,Yes,No,No,No,No,2,No,No,No,No,No,No,No,No,Woman,Choose not to reply,21-24
2023/09/18 7:23:54 PM EST,CMP 126 Computer Technology and Applications,No,No,No,No,No,No,No,No,No,No,No,No,No,Yes,Yes,High Impact,High Impact,N/A,N/A,N/A,N/A,N/A,N/A,N/A,N/A,N/A,N/A,N/A,N/A,N/A,N/A,No,No,No,No,No,No,No,No,No,No,No,No,No,No,No,No,No,No,No,No,No,No,No,No,Yes,No,No,No,N/A,N/A,N/A,N/A,N/A,N/A,N/A,N/A,N/A,N/A,N/A,N/A,High Impact,Musical Theatre,No,No,No,No,No,No,No,No,No,1,No,No,No,No,No,No,No,No,Man,White/Caucasian,35-64
2023/09/19 9:38:59 AM EST,CMP 135 Computer Concepts with Applications,No,No,No,Yes,No,No,No,No,No,No,No,No,No,No,No,Some Impact,No Impact,No Impact,No Impact,No Impact,No Impact,No Impact,No Impact,No Impact,No Impact,No Impact,No Impact,No Impact,No Impact,No Impact,No Impact,No,No,No,No,No,No,No,No,No,Yes,No,Yes,No,No,No,No,No,No,No,No,No,No,No,No,No,No,No,Yes,No Impact,No Impact,No Impact,No Impact,No Impact,No Impact,No Impact,No Impact,No Impact,No Impact,No Impact,No Impact,No Impact,Criminal Justice,No,No,No,Yes,Yes,No,No,No,Yes,3,No,No,No,No,No,No,No,No,Woman,White/Caucasian,19-20
2023/09/19 9:39:11 AM EST,CMP 135 Computer Concepts with Applications,No,No,No,Yes,No,No,Yes,No,No,No,No,No,No,No,No,Some Impact,High Impact,High Impact,No Impact,High Impact,No Impact,Some Impact,High Impact,No Impact,High Impact,No Impact,High Impact,No Impact,No Impact,No Impact,No Impact,No,No,No,No,No,No,No,No,No,No,No,No,No,No,No,No,No,No,No,No,No,No,No,No,No,No,No,Yes,No Impact,No Impact,No Impact,No Impact,No Impact,No Impact,No Impact,No Impact,No Impact,No Impact,No Impact,No Impact,No Impact,Radiography,No,No,No,Yes,No,No,No,No,No,2,No,No,No,No,No,No,Yes,No,Woman,White/Caucasian,21-24
2023/09/19 9:39:20 AM EST,CMP 135 Computer Concepts with Applications,Don't recall,Don't recall,Don't recall,Yes,Yes,Yes,Yes,Yes,Don't recall,Don't recall,Don't recall,Don't recall,Don't recall,Don't recall,Don't recall,High Impact,High Impact,Some Impact,Some Impact,High Impact,Some Impact,High Impact,No Impact,No Impact,High Impact,Some Impact,N/A,N/A,High Impact,High Impact,High Impact,No,No,No,No,No,Yes,No,No,No,Yes,No,No,No,No,No,No,No,No,No,No,No,No,No,No,No,No,No,Yes,N/A,N/A,N/A,N/A,N/A,N/A,N/A,N/A,N/A,N/A,N/A,N/A,N/A,Criminal Justice,Yes,Yes,Don't recall,Don't recall,Don't recall,Don't recall,Don't recall,Don't recall,Don't recall,3,No,Yes,No,No,No,Yes,Yes,No,Man,Hispanic or Latino;White/Caucasian,21-24
2023/09/19 9:40:38 AM EST,CMP 135 Computer Concepts with Applications,No,No,No,Yes,Yes,Yes,Yes,Yes,No,No,No,No,No,No,No,High Impact,High Impact,High Impact,Some Impact,Some Impact,Some Impact,High Impact,High Impact,High Impact,High Impact,Some Impact,Some Impact,No Impact,Some Impact,Some Impact,Some Impact,No,No,No,No,No,Yes,No,No,No,No,No,No,No,No,No,No,No,No,No,No,No,No,No,No,No,No,No,Yes,No Impact,No Impact,No Impact,No Impact,No Impact,No Impact,No Impact,No Impact,No Impact,No Impact,No Impact,No Impact,No Impact,Radiography,No,Don't recall,No,No,No,No,No,No,No,2,No,Yes,No,No,No,No,No,No,Woman,Hispanic or Latino,18 and younger
2023/09/19 9:41:29 AM EST,CMP 135 Computer Concepts with Applications,No,No,No,Yes,No,Yes,No,No,No,No,No,No,No,No,No,High Impact,Some Impact,No Impact,No Impact,No Impact,No Impact,Some Impact,Some Impact,Some Impact,No Impact,High Impact,Some Impact,No Impact,No Impact,High Impact,No Impact,No,No,No,No,No,No,No,No,No,No,No,No,No,No,No,No,No,Yes,No,No,Yes,No,Yes,No,No,No,No,Yes,No Impact,No Impact,No Impact,No Impact,No Impact,No Impact,No Impact,Some Impact,No Impact,No Impact,No Impact,No Impact,Some Impact,Exercise Science,No,No,No,No,Yes,No,No,No,No,2,No,No,No,Yes,No,No,No,No,Man,Hispanic or Latino,19-20
2023/09/19 9:41:44 AM EST,CMP 135 Computer Concepts with Applications,No,No,No,Yes,No,No,No,No,No,No,No,No,No,No,No,Some Impact,Some Impact,Some Impact,Some Impact,Some Impact,High Impact,N/A,High Impact,No Impact,No Impact,No Impact,No Impact,N/A,No Impact,N/A,No Impact,No,No,No,No,No,No,No,No,No,No,No,No,No,No,No,No,No,No,No,No,No,No,No,No,No,No,No,Yes,No Impact,No Impact,No Impact,No Impact,No Impact,No Impact,No Impact,No Impact,No Impact,No Impact,No Impact,No Impact,No Impact,Exercise Science,No,No,No,Yes,Yes,No,No,No,No,1,No,No,No,No,No,No,No,No,Man,Choose not to reply,19-20
2023/09/19 9:42:50 AM EST,CMP 135 Computer Concepts with Applications,No,Yes,No,Yes,Yes,Yes,Yes,Yes,No,No,No,No,No,No,Yes,Some Impact,High Impact,Some Impact,Some Impact,High Impact,High Impact,High Impact,No Impact,High Impact,No Impact,Some Impact,High Impact,Some Impact,No Impact,High Impact,No Impact,No,No,Yes,No,No,No,No,No,No,No,No,Yes,No,No,No,No,No,No,Yes,No,Yes,No,No,No,No,No,No,Yes,No Impact,No Impact,No Impact,No Impact,No Impact,No Impact,No Impact,No Impact,No Impact,Some Impact,Some Impact,High Impact,High Impact,Exercise Science,Yes,No,No,No,No,No,No,No,Yes,3,No,Yes,Yes,Yes,No,No,No,No,Man,Hispanic or Latino,19-20
2023/09/19 9:42:52 AM EST,CMP 135 Computer Concepts with Applications,No,No,No,No,No,No,Yes,Yes,No,No,No,No,No,No,No,Some Impact,Some Impact,Some Impact,Some Impact,No Impact,No Impact,No Impact,Some Impact,No Impact,No Impact,No Impact,No Impact,No Impact,No Impact,No Impact,No Impact,Yes,No,No,No,No,No,No,No,No,No,No,No,No,No,No,No,No,Yes,No,No,Yes,No,Yes,No,No,No,No,Yes,High Impact,No Impact,No Impact,No Impact,No Impact,No Impact,No Impact,No Impact,No Impact,No Impact,No Impact,No Impact,No Impact,Criminal Justice,Yes,Yes,No,No,No,No,No,No,No,2,No,No,No,No,No,No,No,No,Woman,White/Caucasian,21-24
2023/09/19 9:43:12 AM EST,CMP 135 Computer Concepts with Applications,Yes,No,No,Yes,Yes,Yes,Yes,No,No,No,No,No,No,No,No,High Impact,No Impact,High Impact,Some Impact,Some Impact,No Impact,High Impact,Some Impact,Some Impact,No Impact,High Impact,No Impact,No Impact,No Impact,High Impact,No Impact,No,No,Yes,No,No,Yes,No,No,No,No,No,No,No,No,No,No,No,No,No,No,No,No,No,No,No,No,No,Yes,No Impact,No Impact,No Impact,No Impact,No Impact,No Impact,No Impact,No Impact,No Impact,No Impact,No Impact,No Impact,No Impact,Music Technology,No,No,No,No,No,No,No,No,No,1,No,No,No,No,No,No,No,No,Woman,White/Caucasian,19-20
2023/09/19 9:43:14 AM EST,CMP 135 Computer Concepts with Applications,Yes,Yes,No,Yes,Yes,Yes,Yes,Yes,Yes,No,Yes,Yes,Yes,No,No,High Impact,High Impact,High Impact,High Impact,High Impact,No Impact,No Impact,No Impact,No Impact,High Impact,High Impact,High Impact,No Impact,No Impact,N/A,No Impact,No,No,No,No,No,No,No,No,No,No,No,No,No,No,No,No,No,Yes,No,No,Yes,No,Yes,No,No,No,No,No,High Impact,High Impact,Some Impact,Some Impact,Some Impact,No Impact,No Impact,No Impact,No Impact,High Impact,No Impact,No Impact,No Impact,Exercise Science,Yes,No,No,No,No,Yes,Yes,Yes,No,1,No,No,No,No,No,No,No,No,Man,White/Caucasian,21-24
2023/09/19 9:43:20 AM EST,CMP 135 Computer Concepts with Applications,No,No,No,Yes,No,Yes,No,No,No,No,No,No,No,No,No,High Impact,No Impact,No Impact,No Impact,Some Impact,No Impact,Some Impact,No Impact,No Impact,No Impact,No Impact,No Impact,No Impact,No Impact,High Impact,No Impact,No,No,No,No,No,No,No,No,No,No,No,No,No,No,No,No,No,Yes,No,No,No,No,No,No,No,No,No,Yes,Some Impact,No Impact,No Impact,No Impact,No Impact,No Impact,No Impact,High Impact,No Impact,No Impact,No Impact,No Impact,No Impact,Criminal Justice,Don't recall,Don't recall,No,No,No,No,No,No,Don't recall,2,No,No,No,No,No,No,No,No,Man,White/Caucasian,19-20
2023/09/19 9:45:26 AM EST,CMP 135 Computer Concepts with Applications,Don't recall,Don't recall,Don't recall,Yes,Don't recall,Yes,Don't recall,Yes,Don't recall,Don't recall,Don't recall,Don't recall,Don't recall,Don't recall,Don't recall,High Impact,High Impact,High Impact,No Impact,Some Impact,No Impact,Some Impact,No Impact,No Impact,No Impact,No Impact,No Impact,No Impact,No Impact,No Impact,No Impact,No,No,No,No,No,No,No,No,No,No,No,No,No,No,No,No,No,No,No,No,No,No,No,No,No,No,No,Yes,No Impact,No Impact,No Impact,No Impact,No Impact,No Impact,No Impact,No Impact,No Impact,No Impact,No Impact,No Impact,No Impact,Music Technology,No,No,No,No,No,No,No,No,No,1,No,No,No,No,No,No,No,No,,Choose not to reply,19-20
2023/09/19 9:46:42 AM EST,CMP 135 Computer Concepts with Applications,Yes,No,Yes,Yes,No,No,No,No,No,No,No,No,No,No,No,Some Impact,No Impact,High Impact,No Impact,Some Impact,Some Impact,Some Impact,No Impact,No Impact,No Impact,No Impact,No Impact,Some Impact,No Impact,Some Impact,No Impact,Yes,No,No,No,No,No,No,No,No,No,No,Yes,No,No,No,No,No,Yes,No,Yes,No,No,No,No,No,No,No,Yes,Some Impact,No Impact,No Impact,No Impact,No Impact,No Impact,No Impact,No Impact,No Impact,No Impact,No Impact,No Impact,No Impact,Music recording,No,No,No,No,No,No,No,No,No,3,Yes,Yes,Yes,No,No,No,Yes,No,Man,White/Caucasian,19-20
2023/09/19 9:51:18 AM EST,CMP 135 Computer Concepts with Applications,No,No,No,Yes,Yes,No,No,Yes,Don't recall,Don't recall,Don't recall,Don't recall,Don't recall,Don't recall,Don't recall,High Impact,Some Impact,Some Impact,No Impact,High Impact,No Impact,No Impact,High Impact,No Impact,High Impact,No Impact,No Impact,No Impact,No Impact,High Impact,No Impact,No,No,No,No,No,No,No,No,No,Yes,No,Yes,No,No,No,No,No,Yes,Yes,Yes,Yes,Yes,Yes,No,No,No,No,Yes,No Impact,No Impact,No Impact,No Impact,No Impact,No Impact,No Impact,No Impact,No Impact,No Impact,No Impact,No Impact,No Impact,Criminal Justice,No,No,No,Yes,Yes,No,No,No,No,3,Yes,Yes,Yes,No,No,No,No,No,Woman,Hispanic or Latino,21-24
2023/09/19 10:08:07 AM EST,CMP 101 Computer Information Literacy,No,No,No,Yes,No,Yes,No,No,No,No,No,No,No,No,No,High Impact,High Impact,High Impact,No Impact,No Impact,High Impact,High Impact,High Impact,High Impact,High Impact,No Impact,No Impact,No Impact,No Impact,High Impact,No Impact,Yes,Yes,No,No,No,No,No,No,No,No,Yes,No,No,No,No,No,No,No,No,No,Yes,Yes,Yes,Yes,Yes,No,No,Yes,No Impact,No Impact,No Impact,No Impact,No Impact,No Impact,No Impact,No Impact,No Impact,No Impact,No Impact,No Impact,No Impact,Radiography,No,No,No,No,Yes,No,No,No,No,1,No,No,No,No,No,No,No,No,Woman,Hispanic or Latino,19-20
2023/09/19 10:31:39 AM EST,CMP 135 Computer Concepts with Applications,Yes,Yes,Yes,Yes,Don't recall,Yes,Yes,Yes,No,No,No,No,No,Yes,Yes,High Impact,High Impact,High Impact,No Impact,High Impact,No Impact,Some Impact,No Impact,No Impact,Some Impact,No Impact,No Impact,No Impact,No Impact,No Impact,No Impact,Yes,Yes,Yes,No,No,No,No,No,No,Yes,No,No,No,No,No,No,No,No,No,No,No,No,No,No,No,No,No,Yes,No Impact,No Impact,No Impact,No Impact,No Impact,No Impact,No Impact,No Impact,No Impact,No Impact,No Impact,No Impact,Some Impact,Radiography,No,No,No,No,Yes,No,No,No,No,2,No,No,No,No,No,No,No,No,Woman,Asian;White/Caucasian,19-20
2023/09/19 3:42:17 PM EST,CMP 135 Computer Concepts with Applications,No,No,No,No,No,No,No,No,No,No,No,No,No,No,Yes,No Impact,High Impact,High Impact,Some Impact,No Impact,No Impact,No Impact,No Impact,No Impact,No Impact,No Impact,No Impact,No Impact,No Impact,No Impact,No Impact,Yes,No,Yes,No,No,No,No,No,No,No,No,No,No,No,No,No,No,Yes,Yes,Yes,Yes,Yes,Yes,Yes,No,No,Yes,Yes,No Impact,No Impact,Some Impact,No Impact,No Impact,No Impact,No Impact,No Impact,Some Impact,No Impact,No Impact,No Impact,No Impact,Radiography,No,No,No,No,No,No,No,No,No,5,Yes,Yes,No,Yes,No,Yes,No,Yes,Man,White/Caucasian,35-64
2023/09/19 4:12:14 PM EST,CMP 135 Computer Concepts with Applications,No,No,No,Yes,Yes,No,No,No,No,No,No,No,No,No,Yes,High Impact,High Impact,No Impact,High Impact,High Impact,No Impact,No Impact,High Impact,High Impact,Some Impact,No Impact,Some Impact,No Impact,No Impact,No Impact,No Impact,No,No,No,No,No,No,No,No,No,No,No,Yes,No,No,No,No,No,No,No,No,Yes,No,No,No,Yes,No,No,Yes,No Impact,No Impact,No Impact,No Impact,No Impact,No Impact,No Impact,No Impact,No Impact,No Impact,No Impact,No Impact,No Impact,Criminal Justice,No,No,No,No,No,No,No,No,Yes,2,No,Yes,No,Yes,Yes,No,Yes,Yes,Man,Black/African American;White/Caucasian,19-20
2023/09/19 5:59:57 PM EST,CMP 101 Computer Information Literacy,No,No,No,No,Yes,No,No,No,No,No,No,No,No,No,No,Some Impact,Some Impact,Some Impact,Some Impact,Some Impact,Some Impact,Some Impact,Some Impact,Some Impact,Some Impact,Some Impact,Some Impact,Some Impact,Some Impact,Some Impact,Some Impact,Not Sure,Not Sure,Not Sure,Not Sure,Not Sure,Not Sure,Not Sure,Not Sure,Not Sure,Not Sure,Not Sure,Not Sure,Not Sure,Not Sure,Not Sure,Not Sure,Not Sure,No,No,No,No,No,No,No,No,No,No,No,N/A,N/A,N/A,N/A,N/A,N/A,N/A,N/A,N/A,N/A,N/A,N/A,N/A,Radiography,Don't recall,Don't recall,Don't recall,Don't recall,Don't recall,Don't recall,Don't recall,Don't recall,Don't recall,3,No,No,No,No,No,No,Yes,No,Prefer not to say,Choose not to reply,25-34
2023/09/19 6:00:20 PM EST,CMP 135 Computer Concepts with Applications,No,No,No,Yes,Yes,No,No,No,No,No,Yes,No,No,No,No,High Impact,High Impact,Some Impact,Some Impact,High Impact,Some Impact,Some Impact,Some Impact,Some Impact,High Impact,No Impact,High Impact,High Impact,Some Impact,High Impact,No Impact,Yes,No,Yes,Yes,No,No,No,No,No,No,No,Yes,No,No,No,No,No,Yes,No,Yes,No,No,No,No,No,No,No,Yes,Some Impact,No Impact,No Impact,No Impact,No Impact,No Impact,No Impact,No Impact,No Impact,No Impact,No Impact,No Impact,No Impact,Criminal Justice,No,No,No,Yes,No,No,No,No,No,2,No,No,No,No,No,No,No,No,Woman,Asian;White/Caucasian,19-20
2023/09/19 6:00:50 PM EST,CMP 135 Computer Concepts with Applications,No,No,No,No,Yes,No,Yes,Yes,No,No,No,No,No,No,No,High Impact,High Impact,Some Impact,No Impact,No Impact,No Impact,No Impact,High Impact,Some Impact,Some Impact,Some Impact,Some Impact,Some Impact,N/A,Some Impact,No Impact,No,No,No,No,No,No,No,No,No,No,No,No,No,No,No,No,No,Yes,No,Yes,No,No,No,No,No,No,No,Yes,No Impact,No Impact,No Impact,No Impact,No Impact,No Impact,No Impact,No Impact,No Impact,No Impact,No Impact,No Impact,No Impact,Criminal Justice,No,No,No,Yes,No,No,No,No,No,2,No,Yes,No,No,No,No,No,No,Woman,Hispanic or Latino,25-34
2023/09/19 6:00:57 PM EST,CMP 135 Computer Concepts with Applications,No,No,No,Yes,No,No,No,Yes,No,No,No,No,No,No,No,High Impact,High Impact,No Impact,No Impact,No Impact,No Impact,Some Impact,Some Impact,Some Impact,No Impact,Some Impact,No Impact,No Impact,No Impact,No Impact,No Impact,No,No,No,No,No,No,No,No,No,No,No,No,No,No,No,No,No,No,Yes,No,No,No,No,No,No,No,No,Yes,No Impact,No Impact,No Impact,No Impact,No Impact,No Impact,No Impact,No Impact,No Impact,No Impact,No Impact,No Impact,No Impact,Criminal Justice,No,No,No,No,No,No,No,No,No,2,No,No,No,No,Yes,No,Yes,No,Man,Hispanic or Latino;White/Caucasian,21-24
2023/09/19 6:01:01 PM EST,CMP 135 Computer Concepts with Applications,Yes,Don't recall,Don't recall,Yes,Don't recall,Yes,Don't recall,Don't recall,Don't recall,Don't recall,Don't recall,Don't recall,Don't recall,Don't recall,Don't recall,High Impact,High Impact,High Impact,No Impact,No Impact,High Impact,High Impact,High Impact,High Impact,No Impact,Some Impact,No Impact,No Impact,No Impact,High Impact,No Impact,Yes,No,Yes,No,No,No,No,No,No,No,No,No,No,No,No,No,No,Yes,Yes,Yes,Yes,Yes,Yes,No,No,No,No,Yes,Some Impact,No Impact,No Impact,No Impact,No Impact,No Impact,No Impact,No Impact,No Impact,High Impact,High Impact,Some Impact,Some Impact,Radiography,Yes,Yes,No,Yes,Yes,No,No,No,Don't recall,4,No,Yes,No,Yes,Yes,Yes,No,Yes,Woman,White/Caucasian,25-34
2023/09/19 6:01:09 PM EST,CMP 135 Computer Concepts with Applications,No,No,No,Yes,No,No,No,Yes,No,No,No,No,No,No,No,Some Impact,High Impact,High Impact,No Impact,No Impact,No Impact,No Impact,No Impact,No Impact,No Impact,No Impact,No Impact,No Impact,No Impact,Some Impact,No Impact,No,No,No,No,No,No,No,No,No,No,No,No,No,No,No,No,No,No,No,No,No,No,No,No,No,No,No,Yes,No Impact,No Impact,No Impact,No Impact,No Impact,No Impact,No Impact,No Impact,No Impact,No Impact,No Impact,No Impact,No Impact,Radiography,Yes,No,No,No,No,No,No,No,No,3,No,No,No,No,No,No,No,No,Woman,White/Caucasian,18 and younger
2023/09/19 6:03:41 PM EST,CMP 101 Computer Information Literacy,No,No,No,No,No,No,Yes,No,No,No,No,No,No,No,No,High Impact,High Impact,High Impact,No Impact,No Impact,Some Impact,Some Impact,High Impact,No Impact,No Impact,No Impact,No Impact,No Impact,No Impact,No Impact,No Impact,Yes,No,No,No,No,No,No,No,No,No,No,No,No,No,No,No,No,Yes,Yes,No,Yes,No,No,No,No,No,No,Yes,No Impact,No Impact,No Impact,No Impact,No Impact,No Impact,No Impact,No Impact,No Impact,No Impact,No Impact,No Impact,No Impact,Criminal Justice,No,Yes,No,No,No,No,No,No,No,3,No,Yes,No,No,No,No,No,No,Man,White/Caucasian,25-34
2023/09/19 6:03:45 PM EST,CMP 135 Computer Concepts with Applications,Don't recall,Don't recall,Don't recall,Don't recall,Don't recall,Don't recall,Don't recall,Don't recall,Don't recall,Don't recall,Don't recall,Don't recall,Don't recall,Don't recall,Don't recall,No Impact,No Impact,No Impact,No Impact,No Impact,No Impact,No Impact,No Impact,No Impact,No Impact,No Impact,No Impact,No Impact,No Impact,No Impact,No Impact,No,No,No,No,No,No,No,No,No,No,No,No,No,No,No,No,No,No,No,No,Yes,No,Yes,No,No,No,No,Yes,No Impact,No Impact,No Impact,No Impact,No Impact,No Impact,No Impact,No Impact,No Impact,No Impact,No Impact,No Impact,No Impact,Fire Science Technologies ,No,No,No,No,No,No,No,No,No,2,No,Yes,No,No,No,No,No,No,Man,White/Caucasian,21-24
2023/09/19 6:04:34 PM EST,CMP 135 Computer Concepts with Applications,No,No,No,Yes,No,No,Yes,Yes,No,No,No,No,No,No,No,High Impact,High Impact,High Impact,No Impact,High Impact,Some Impact,High Impact,No Impact,No Impact,High Impact,Some Impact,Some Impact,No Impact,No Impact,Some Impact,No Impact,No,No,Yes,No,No,No,No,No,No,Yes,No,No,No,No,No,No,No,No,No,No,No,No,No,No,No,No,No,Yes,No Impact,No Impact,No Impact,No Impact,No Impact,No Impact,No Impact,No Impact,No Impact,No Impact,No Impact,No Impact,Some Impact,Criminal Justice,No,No,No,No,No,No,No,No,No,1,No,No,No,No,No,No,No,No,Prefer not to say,Multi-Racial,19-20
2023/09/19 6:05:55 PM EST,CMP 101 Computer Information Literacy,Yes,No,Yes,Yes,Yes,Yes,Yes,No,No,No,No,No,No,No,No,Some Impact,No Impact,No Impact,N/A,Some Impact,Some Impact,Some Impact,Some Impact,Some Impact,High Impact,N/A,N/A,N/A,High Impact,High Impact,High Impact,Yes,No,No,No,No,No,No,No,No,No,No,No,No,No,No,No,No,Yes,Yes,No,Yes,No,Yes,Yes,Yes,No,No,Yes,N/A,N/A,N/A,N/A,N/A,N/A,N/A,N/A,N/A,N/A,N/A,N/A,N/A,Nursing,Don't recall,Don't recall,Don't recall,Don't recall,Don't recall,Don't recall,Don't recall,Don't recall,Don't recall,3,No,No,No,No,No,No,No,No,Woman,White/Caucasian,21-24
2023/09/19 6:07:54 PM EST,CMP 135 Computer Concepts with Applications,Yes,No,Yes,Yes,Yes,No,No,No,No,No,No,Yes,No,Yes,No,High Impact,High Impact,High Impact,High Impact,Some Impact,High Impact,High Impact,High Impact,High Impact,High Impact,High Impact,Some Impact,N/A,N/A,High Impact,N/A,Yes,No,Yes,No,No,No,No,No,No,No,No,Yes,No,No,No,No,No,Yes,Yes,Yes,Yes,Yes,Yes,Yes,Yes,Yes,No,Yes,N/A,N/A,N/A,N/A,N/A,N/A,N/A,Some Impact,Some Impact,N/A,N/A,N/A,N/A,Radiography,No,No,Yes,Yes,Yes,No,No,No,No,5,Yes,Yes,Yes,No,Yes,Yes,No,Yes,Woman,Hispanic or Latino,25-34
2023/09/19 6:08:11 PM EST,CMP 135 Computer Concepts with Applications,Yes,No,No,Yes,Yes,No,No,No,No,No,No,No,No,No,No,Some Impact,Some Impact,High Impact,No Impact,High Impact,Some Impact,Some Impact,High Impact,High Impact,No Impact,No Impact,High Impact,High Impact,No Impact,High Impact,No Impact,No,No,No,No,No,No,No,No,No,No,No,No,No,No,No,No,No,Yes,No,No,Yes,No,Yes,No,Yes,No,No,Yes,Some Impact,N/A,N/A,N/A,N/A,N/A,N/A,High Impact,Some Impact,Some Impact,No Impact,No Impact,N/A,Music Technology,No,No,No,No,Yes,No,No,No,No,3,Yes,No,Yes,No,No,No,Yes,Yes,Man,Asian;White/Caucasian;Multi-Racial,21-24
2023/09/19 10:44:14 PM EST,CMP 135 Computer Concepts with Applications,Don't recall,Don't recall,Don't recall,Yes,Don't recall,Yes,Don't recall,Don't recall,Don't recall,Don't recall,Don't recall,Don't recall,Don't recall,Don't recall,Don't recall,High Impact,Some Impact,Some Impact,No Impact,High Impact,High Impact,High Impact,High Impact,High Impact,High Impact,Some Impact,High Impact,Some Impact,No Impact,High Impact,High Impact,No,No,Not Sure,Not Sure,Not Sure,Not Sure,Not Sure,Not Sure,Not Sure,Not Sure,Not Sure,Not Sure,Not Sure,Not Sure,Not Sure,Not Sure,Not Sure,Yes,No,Yes,Yes,No,Yes,No,Yes,No,No,Yes,No Impact,No Impact,N/A,N/A,N/A,N/A,No Impact,No Impact,No Impact,No Impact,No Impact,No Impact,No Impact,Public Health,Don't recall,Don't recall,Don't recall,Don't recall,Don't recall,Don't recall,Don't recall,Don't recall,Don't recall,2,Yes,Yes,No,No,Yes,No,No,Yes,Prefer not to say,Choose not to reply,21-24
